idDrink,strDrink,strDrinkAlternate,strTags,strVideo,strCategory,strIBA,strAlcoholic,strGlass,strInstructions,strInstructionsES,strInstructionsDE,strInstructionsFR,strInstructionsIT,strInstructionsZH-HANS,strInstructionsZH-HANT,strDrinkThumb,strIngredient1,strIngredient2,strIngredient3,strIngredient4,strIngredient5,strIngredient6,strIngredient7,strIngredient8,strIngredient9,strIngredient10,strIngredient11,strIngredient12,strIngredient13,strIngredient14,strIngredient15,strMeasure1,strMeasure2,strMeasure3,strMeasure4,strMeasure5,strMeasure6,strMeasure7,strMeasure8,strMeasure9,strMeasure10,strMeasure11,strMeasure12,strMeasure13,strMeasure14,strMeasure15,strImageSource,strImageAttribution,strCreativeCommonsConfirmed,dateModified
15395,1-900-FUK-MEUP,,,,Shot,,Alcoholic,Old-fashioned glass,Shake ingredients in a mixing tin filled with ice cubes. Strain into a rocks glass.,,Die Zutaten in einem mit Eiswürfeln gefüllten Mischgefäß schütteln. In ein Rocks Glas abseihen.,,"Shakerare gli ingredienti in una teglia piena di cubetti di ghiaccio.
Filtrare in un bicchiere alto.",,,https://www.thecocktaildb.com/images/media/drink/uxywyw1468877224.jpg,Absolut Kurant,Grand Marnier,Chambord raspberry liqueur,Midori melon liqueur,Malibu rum,Amaretto,Cranberry juice,Pineapple juice,,,,,,,,1/2 oz ,1/4 oz ,1/4 oz ,1/4 oz ,1/4 oz ,1/4 oz ,1/2 oz ,1/4 oz ,,,,,,,,,,No,2016-07-18 22:27:04
15423,110 in the shade,,,,Beer,,Alcoholic,Beer Glass,Drop shooter in glass. Fill with beer,,Shooter tröpfchenweise in ein Glas geben. Mit Bier füllen.,,"Riempi un bicchierino di tequila.
Riempi un boccale di birra con la birra chiara.
Metti il bicchierino nella birra e bevi velocemente.",,,https://www.thecocktaildb.com/images/media/drink/xxyywq1454511117.jpg,Lager,Tequila,,,,,,,,,,,,,,16 oz ,1.5 oz ,,,,,,,,,,,,,,,,No,2016-02-03 14:51:57
14588,151 Florida Bushwacker,,,,Shake,,Alcoholic,Beer mug,Combine all ingredients. Blend until smooth. Garnish with chocolate shavings if desired.,,"Alle Zutaten vermengen. Mischen, bis alles glatt ist. Auf Wunsch mit Schokoladenraspeln garnieren.",,"Combina tutti gli ingredienti.
Frulla fino a che è liscio.
Guarnire con scaglie di cioccolato se lo si desidera.",,,https://www.thecocktaildb.com/images/media/drink/rvwrvv1468877323.jpg,Malibu rum,Light rum,151 proof rum,Dark Creme de Cacao,Cointreau,Milk,Coconut liqueur,Vanilla ice-cream,,,,,,,,1/2 oz ,1/2 oz ,1/2 oz Bacardi ,1 oz ,1 oz ,3 oz ,1 oz ,1 cup ,,,,,,,,,,No,2016-07-18 22:28:43
15346,155 Belmont,,,,Cocktail,,Alcoholic,White wine glass,Blend with ice. Serve in a wine glass. Garnish with carrot.,,Mit Eis vermischen. In einem Weinglas servieren. Mit Karotte garnieren.,,"Miscela con ghiaccio.
Servire in un bicchiere da vino.
Guarnire con una carota.",,,https://www.thecocktaildb.com/images/media/drink/yqvvqs1475667388.jpg,Dark rum,Light rum,Vodka,Orange juice,,,,,,,,,,,,1 shot ,2 shots ,1 shot ,1 shot ,,,,,,,,,,,,,,No,2016-10-05 12:36:28
17060,24k nightmare,,,,Shot,,Alcoholic,Shot glass,"Add over ice,shake and pour.",,"Über das Eis geben, schütteln und eingiessen.",,"Aggiungere gli ingredienti dopo aver versato un po’ di ghiaccio, agitare e versare.",,,https://www.thecocktaildb.com/images/media/drink/yyrwty1468877498.jpg,Goldschlager,Jägermeister,Rumple Minze,151 proof rum,,,,,,,,,,,,1/2 oz ,1/2 oz ,1/2 oz ,1/2 oz Bacardi ,,,,,,,,,,,,,,No,2016-07-18 22:31:38
15288,252,,,,Shot,,Alcoholic,Shot glass,"Add both ingredients to shot glass, shoot, and get drunk quick",,Beide Zutaten in ein Schnapsglas geben.,,"Aggiungi entrambi gli ingredienti al bicchierino, bevi e ubriacati velocemente",,,https://www.thecocktaildb.com/images/media/drink/rtpxqw1468877562.jpg,151 proof rum,Wild Turkey,,,,,,,,,,,,,,1/2 shot Bacardi ,1/2 shot ,,,,,,,,,,,,,,,,No,2016-07-18 22:32:42
13899,3 Wise Men,,,,Shot,,Alcoholic,Collins glass,put them them in a glass... and slam it to tha head.,,In ein Glas geben... und ab in den Schädel.,,mettetele in un bicchiere ... E buona fortuna!,,,https://www.thecocktaildb.com/images/media/drink/wxqpyw1468877677.jpg,Jack Daniels,Johnnie Walker,Jim Beam,,,,,,,,,,,,,1/3 oz ,1/3 oz ,1/3 oz ,,,,,,,,,,,,,,,No,2016-07-18 22:34:37
15300,3-Mile Long Island Iced Tea,,,,Ordinary Drink,,Alcoholic,Collins Glass,Fill 14oz glass with ice and alcohol. Fill 2/3 glass with cola and remainder with sweet & sour. Top with dash of bitters and lemon wedge.,,Füllen Sie ein 12 cl. Glas mit Eis und Alkohol. Füllen Sie 2/3 des Glases mit Cola und den Rest mit Süß-Sauer. Mit einem Schuss Bitter und Zitronenkeil garnieren.,,Riempi un bicchiere da almeno 400ml con ghiaccio e alcol. Riempire i restanti 2/3 di bicchiere di cola e il resto di bevanda sweet & sour. Completare con un pizzico di bitter e uno spicchio di limone.,,,https://www.thecocktaildb.com/images/media/drink/rrtssw1472668972.jpg,Gin,Light rum,Tequila,Triple sec,Vodka,Coca-Cola,Sweet and sour,Bitters,Lemon,,,,,,,1/2 oz,1/2 oz,1/2 oz,1/2 oz,1/2 oz,1/2 oz,1-2 dash ,1 wedge ,Garnish with,,,,,,,,,No,2016-08-31 19:42:52
13581,410 Gone,,,,Ordinary Drink,,Alcoholic,Collins Glass,,,,,Versa in un bicchiere tutti gli ingredienti. Agitare bene,,,https://www.thecocktaildb.com/images/media/drink/xtuyqv1472669026.jpg,Peach Vodka,Coca-Cola,,,,,,,,,,,,,,2-3 oz,,,,,,,,,,,,,,,,,No,2016-08-31 19:43:46
14598,50/50,,,,Ordinary Drink,,Alcoholic,Collins Glass,fill glass with crushed ice. Add vodka. Add a splash of grand-marnier. Fill with o.j.,,Glas mit zerstoßenem Eis füllen. Füge Wodka hinzu. Füge einen Spritzer Grand-Marnier hinzu. Füllen Sie mit o.j.,,"Riempire un bicchiere con ghiaccio tritato.
Aggiungi la vodka.
Aggiungi un tocco di grand-Marnier.
Riempi di succo d'arancia",,,https://www.thecocktaildb.com/images/media/drink/wwpyvr1461919316.jpg,Vanilla vodka,Grand Marnier,Orange juice,,,,,,,,,,,,,2 1/2 oz ,1 splash ,Fill with ,,,,,,,,,,,,,,,No,2016-04-29 09:41:56
17105,501 Blue,,,,Ordinary Drink,,Alcoholic,Collins Glass,Mix equal amounts into a glass with ice.,,Mische gleiche Mengen in ein Glas mit Eis.,,Mescolare quantità uguali in un bicchiere con ghiaccio.,,,https://www.thecocktaildb.com/images/media/drink/ywxwqs1461867097.jpg,Blue Curacao,Blueberry schnapps,Vodka,Sour mix,7-Up,,,,,,,,,,,,,,,,,,,,,,,,,,,,No,2016-04-28 19:11:37
14029,57 Chevy with a White License Plate,,,,Cocktail,,Alcoholic,Highball glass,1. Fill a rocks glass with ice 2.add white creme de cacao and vodka 3.stir,,1. Füllen Sie ein Rocks Glas mit Eis 2. Geben Sie weiße Creme de Kakao und Wodka hinzu. 3. Umrühren.,,"1. Riempi un bicchiere di tipo highball con ghiaccio
2. Aggiungere la crema di cacao bianca e la vodka
3. mescolare",,,https://www.thecocktaildb.com/images/media/drink/qyyvtu1468878544.jpg,Creme de Cacao,Vodka,,,,,,,,,,,,,,1 oz white ,1 oz ,,,,,,,,,,,,,,,,No,2016-07-18 22:49:04
13940,69 Special,,,,Ordinary Drink,,Alcoholic,Collins Glass,"Pour 2 oz. gin. Add 4 oz. 7-up. Add Lemon Juice for flavor. If you are weak, top up glass with more 7-Up.",,"Gießen Sie 6 cl. Gin. Füge 12 cl. 7-up hinzu. Füge Zitronensaft für den Geschmack hinzu. Wenn Sie zu schwach sind, füllen Sie das Glas mit mehr 7-Up auf.",,"Versare 60ml di Gin.
Aggiungi 120ml di  7 Up/Sprite.
Aggiungi il succo di limone per insaporire.
Se sei debole, rabbocca il bicchiere con più 7-Up/Sprite.",,,https://www.thecocktaildb.com/images/media/drink/vqyxqx1472669095.jpg,Gin,7-Up,Lemon juice,,,,,,,,,,,,,2 oz dry ,4 oz ,0.75 oz ,,,,,,,,,,,,,,,No,2016-08-31 19:44:55
14229,747,,,,Shot,,Alcoholic,Shot glass,"pour kaluha, then Baileys, then Frangelico not chilled and not layered -- SERVE!!!",,"Gießen Sie kaluha, dann Baileys, dann Frangelico nicht gekühlt und nicht geschichtet -- SERVE!!!!!!!!",,"Versa Kahlua, Baileys e poi Frangelico.",,,https://www.thecocktaildb.com/images/media/drink/xxsxqy1472668106.jpg,Kahlua,Baileys irish cream,Frangelico,,,,,,,,,,,,,1/3 part ,1/3 part ,1/3 part ,,,,,,,,,,,,,,,No,2016-08-31 19:28:26
178318,747 Drink,,,,Cocktail,,Alcoholic,Highball glass,"Fill a Collins glass with ice.
Pour in vodka, lime cordial, and cranberry juice.
Fill up with Sprite.
Garnish with a Lime wheel or some cranberries",,,,"
Riempi un bicchiere Collins di ghiaccio.
Versare la vodka, lo sciroppo di lime e il succo di mirtillo rosso.
Riempi con Sprite.
Guarnire con una fetta di lime o dei mirtilli rossi",,,https://www.thecocktaildb.com/images/media/drink/i9suxb1582474926.jpg,Vodka,Roses sweetened lime juice,Cranberry Juice,Sprite,,,,,,,,,,,,1 oz,1 oz,1 oz,Top,,,,,,,,,,,,,,Yes,
16108,9 1/2 Weeks,,,,Cocktail,,Alcoholic,Cocktail glass,Combine all ingredients in glass mixer. Chill and strain into Cocktail glass. Garnish with sliced strawberry.,,Alle Zutaten in einem Glasmischer vermengen. Abkühlen lassen und in das Cocktailglas abseihen. Mit Erdbeerscheiben garnieren.,,"Unisci tutti gli ingredienti in una planetaria.
Raffredda e versa in un bicchiere da cocktail.
Guarnire con la fragola a fette.",,,https://www.thecocktaildb.com/images/media/drink/xvwusr1472669302.jpg,Absolut Citron,Orange Curacao,Strawberry liqueur,Orange juice,,,,,,,,,,,,2 oz ,1/2 oz ,1 splash ,1 oz ,,,,,,,,,,,,,,No,2016-08-31 19:48:22
15200,A Day at the Beach,,Sweet,,Ordinary Drink,,Alcoholic,Highball glass,"Shake Rum, Amaretto, and Orange Juice in a shaker filled with ice. Strain over ice into a highball glass. Add Grenadine and garnish with a Pineapple Wedge and a Strawberry.","Agita el ron, el Amaretto y el jugo de naranja en una coctelera llena de hielo. Cuela en un vaso alto con hielo. Agrega la granadina y adorna con una rodaja de piña y una fresa.","Rum, Amaretto und Orangensaft in einem mit Eis gefüllten Shaker schütteln. Über Eis in ein Highball-Glas abseihen. Grenadine hinzufügen und mit einem Ananaskeil und einer Erdbeere garnieren.",,"Shakerare rum, amaretto e succo d'arancia in uno shaker pieno di ghiaccio.
Filtrare sul ghiaccio in un bicchiere highball.
Aggiungere la granatina e guarnire con uno spicchio di ananas e una fragola.",,,https://www.thecocktaildb.com/images/media/drink/trptts1454514474.jpg,Coconut rum,Amaretto,Orange juice,Grenadine,,,,,,,,,,,,1 oz ,1/2 oz ,4 oz ,1/2 oz ,,,,,,,,,,,,,,No,2016-02-03 15:47:54
17831,A Furlong Too Late,,,,Ordinary Drink,,Alcoholic,Highball glass,Pour the rum and ginger beer into a highball glass almost filled with ice cubes. Stir well. Garnish with the lemon twist.,"Vierta el ron y la cerveza de jengibre en un vaso alto casi lleno de cubitos de hielo. Agita bien. Para adornar, un twist de limón.","Den Rum und das Ingwerbier in ein Highball-Glas gießen, das fast mit Eiswürfeln gefüllt ist. Gut umrühren. Mit der Zitronenscheibe garnieren.",,Guarnire con la scorza di limone.Versare il rum e la ginger beer in un bicchiere highball quasi riempito di cubetti di ghiaccio.Mescolare bene.,,,https://www.thecocktaildb.com/images/media/drink/ssxvww1472669166.jpg,Light rum,Ginger beer,Lemon peel,,,,,,,,,,,,,2 oz ,4 oz ,1 twist of ,,,,,,,,,,,,,,,No,2016-08-31 19:46:06
16943,A Gilligan's Island,,,,Cocktail,,Alcoholic,Collins glass,"Shaken, not stirred!","Agitado, no revuelto.","Geschüttelt, nicht gerührt!",,Agita non mescolare!,,,https://www.thecocktaildb.com/images/media/drink/wysqut1461867176.jpg,Vodka,Peach schnapps,Orange juice,Cranberry juice,,,,,,,,,,,,1 oz ,1 oz ,3 oz ,3 oz ,,,,,,,,,,,,,,No,2016-04-28 19:12:56
15675,A midsummernight dream,,,,Ordinary Drink,,Alcoholic,Collins Glass,"Mix the strawberrys in a blender Pour it together with the vodka,kirch and strawberry liquer over ice in a shaker. Shake well and pour in a highballglass. Fill up with the Russchian water","Licúa las fresas en la licuadora. Vierta sobre hielo en una coctelera junto con el vodka, el kirsch y el licor de fresa. Agita bien y vierta en un vaso alto. Llena el vaso con Schweppes Russchian.","Die Erdbeeren in einem Mixer mischen. Gießen Sie sie zusammen mit Wodka, Kirch und Erdbeerlikör über Eis in einen Shaker. Gut schütteln und ein Highball Glas einfüllen. Füllen Sie das russische Wasser auf.",,"Mescolare le fragole in un frullatore Versare insieme la vodka, il kirsch e il liquore alla fragola freddo in uno shaker.
Agitare bene e versare in un bicchiere highball.
Aggiungi la Schweppes Russchian.",,,https://www.thecocktaildb.com/images/media/drink/ysqvqp1461867292.jpg,Vodka,Kirschwasser,Strawberry liqueur,Strawberries,Schweppes Russchian,,,,,,,,,,,2 oz ,1 oz ,1 tsp ,5 ,,,,,,,,,,,,,,No,2016-04-28 19:14:52
17832,A Night In Old Mandalay,,,,Ordinary Drink,,Alcoholic,Highball glass,"In a shaker half-filled with ice cubes, combine the light rum, añejo rum, orange juice, and lemon juice. Shake well. Strain into a highball glass almost filled with ice cubes. Top with the ginger ale. Garnish with the lemon twist.","En una coctelera llena hasta la mitad con cubitos de hielo, mezcla el ron blanco, el ron añejo, el jugo de naranja y el jugo de lima. Agita bien. Cuela la mezcla en un vaso alto casi lleno de cubitos de hielo. Cubra con la cerveza de jengibre. Decora con el twist de limón.","In einem Shaker, der halb mit Eiswürfeln gefüllt ist, den Light Rum, Aejo Rum, Orangensaft und Zitronensaft vermengen. Gut schütteln. In ein Highball-Glas abseihen, das fast mit Eiswürfeln gefüllt ist. Mit dem Ginger Ale bestreuen. Mit der Zitronenscheibe garnieren.",,"In uno shaker riempito a metà con cubetti di ghiaccio, unire il rum light, il rum aejo, il succo d'arancia e il succo di limone. Agitare bene. Filtrare in un bicchiere highball quasi pieno di cubetti di ghiaccio. Completare con la ginger ale. Guarnire con la scorza di limone.",,,https://www.thecocktaildb.com/images/media/drink/vyrvxt1461919380.jpg,Light rum,Añejo rum,Orange juice,Lemon juice,Ginger ale,Lemon peel,,,,,,,,,,1 oz ,1 oz ,1 oz ,1/2 oz ,3 oz ,1 twist of ,,,,,,,,,,,,No,2016-04-29 09:43:00
16405,A Piece of Ass,,,,Other / Unknown,,Alcoholic,Highball glass,Put ice in glass. Pour in shots. Fill with Sour Mix.,Pon hielo en el vaso. Agregar los chupitos. Llenar con Sour Mix.,Gib Eis in ein Glas. Füllen Sie Shots ein. Mit Sour Mix auffüllen.,,"Metti il ghiaccio in un bicchiere.
Versare i colpi.
Riempi con Sour Mix.",,,https://www.thecocktaildb.com/images/media/drink/tqxyxx1472719737.jpg,Amaretto,Southern Comfort,Ice,Sour mix,,,,,,,,,,,,1 shot ,1 shot ,cubes,,,,,,,,,,,,,,,No,2016-09-01 09:48:57
14564,A Splash of Nash,,,,Shot,,Alcoholic,Highball glass,Drop shot glass with banana & melon liquers into a 9 oz hi- ball glass containing soda water and cranberry juice. Drink in one shot.,Vierta los chupitos de licor de plátano y melón en un vaso alto de 270 ml que contenga agua con gas y jugo de arándano. Beber en un trago.,Lassen Sie das Schnapsglas mit Bananen- und Melonenliköre in ein 27 cl. Hi-Ball Glas mit Sodawasser und Preiselbeersaft fallen. Trinken Sie in einem Zug.,,"Goccia un bicchierino con liquori alla banana e melone in un bicchiere hi-ball da 250gr contenente acqua gassata e succo di mirtillo rosso.
Bevi in un colpo solo.",,,https://www.thecocktaildb.com/images/media/drink/rsvtrr1472668201.jpg,Cranberry juice,Soda water,Midori melon liqueur,Creme de Banane,,,,,,,,,,,,2 oz ,2 oz ,0.5 oz ,0.5 oz ,,,,,,,,,,,,,,No,2016-08-31 19:30:01
17005,A True Amaretto Sour,,,,Cocktail,,Alcoholic,Old-fashioned glass,"Rub the rim of an old fashioned glass with lemon, and dip repeatedly into granulated sugar until it has a good ""frosted"" rim. Shake a jigger of Amaretto with the juice of 1/2 a lemon. Strain into glass and add ice. Garnish with a Marachino Cherry.",Frote el borde de un vaso helado con un trozo de limón. Pase el borde del vaso en un plato repetidamente en el azúcar granulada hasta que éste quede completamente escarchado. Colocar dentro de una coctelera el Amaretto con el jugo de 1/2 limón. Verter en el vaso y agregar hielo. Adorne con una cereza marrasquino.,"Reiben Sie den Rand eines old fashioned Glases mit Zitrone ein und tauchen Sie es wiederholt in Kristallzucker, bis es einen guten ""gefrosteten"" Rand hat. Einen Jigger Amaretto mit dem Saft von 1/2 Zitrone schütteln. In ein Glas abseihen und Eis hinzufügen. Mit einer Marachinokirsche garnieren.",,"Strofinare il bordo di un bicchiere vecchio stile con il limone e immergerlo ripetutamente nello zucchero semolato fino a ottenere un buon bordo ""glassato"".
Shakerare un jigger di Amaretto con il succo di 1/2 limone.
Filtrare nel bicchiere e aggiungere il ghiaccio.
Guarnire con una ciliegia al maraschino.",,,https://www.thecocktaildb.com/images/media/drink/rptuxy1472669372.jpg,Amaretto,Lemon,Ice,Maraschino cherry,,,,,,,,,,,,1 jigger ,Juice of 1/2 ,,,,,,,,,,,,,,,,No,2016-08-31 19:49:32
17833,A. J.,,,,Ordinary Drink,,Alcoholic,Cocktail glass,"Shake ingredients with ice, strain into a cocktail glass, and serve.","Agite bien los ingredientes con hielo, cuélelos en una copa de cóctel y sirva.",,,"Shakerare gli ingredienti con ghiaccio, filtrare in una coppetta da cocktail e servire.",,,https://www.thecocktaildb.com/images/media/drink/l74qo91582480316.jpg,Applejack,Grapefruit juice,,,,,,,,,,,,,,1 1/2 oz ,1 oz ,,,,,,,,,,,,,,,,Yes,2016-09-02 11:16:58
14560,A.D.M. (After Dinner Mint),,,,Cocktail,,Alcoholic,Irish coffee cup,shake vigorously,Agite bien.,kräftig schütteln,,"Versare tutti gli ingredienti in un bicchiere, agita bene.",,,https://www.thecocktaildb.com/images/media/drink/ruxuvp1472669600.jpg,White Creme de Menthe,Southern Comfort,Vodka,Hot chocolate,,,,,,,,,,,,1/2 oz ,3/4 oz ,1/2 oz ,Fill with ,,,,,,,,,,,,,,No,2016-08-31 19:53:20
17222,A1,,,,Cocktail,,Alcoholic,Cocktail glass,"Pour all ingredients into a cocktail shaker, mix and serve over ice into a chilled glass.","Vierta todos los ingredientes en una coctelera, mezcle y sirva con hielo en un vaso frío.","Alle Zutaten in einen Cocktailshaker geben, mischen und über Eis in ein gekühltes Glas servieren.",,"Versare tutti gli ingredienti in uno shaker, mescolare e servire con ghiaccio in un bicchiere freddo.",,,https://www.thecocktaildb.com/images/media/drink/2x8thr1504816928.jpg,Gin,Grand Marnier,Lemon Juice,Grenadine,,,,,,,,,,,,1 3/4 shot ,1 Shot ,1/4 Shot,1/8 Shot,,,,,,,,,,,,,,No,2017-09-07 21:42:09
17834,Abbey Cocktail,,,,Ordinary Drink,,Alcoholic,Cocktail glass,Shake all ingredients (except for the cherry) with ice and strain into a cocktail glass. Top with the cherry and serve.,Batir todos los ingredientes (excepto la cereza) con hielo y colarlos en una copa de cóctel. Adorne con la cereza y sirva.,Alle Zutaten (außer der Kirsche) mit Eis schütteln und in ein Cocktailglas abseihen. Mit der Kirsche verzieren und servieren.,,Shakerare tutti gli ingredienti (tranne la ciliegia) con ghiaccio e filtrare in una coppetta da cocktail. Completare con la ciliegia e servire.,,,https://www.thecocktaildb.com/images/media/drink/mr30ob1582479875.jpg,Gin,Orange bitters,Orange,Cherry,,,,,,,,,,,,1 1/2 oz ,1 dash ,Juice of 1/4 ,1 ,,,,,,,,,,,,,,Yes,2016-09-02 11:19:28
17223,Abbey Martini,,,,Cocktail,,Alcoholic,Cocktail glass,"Put all ingredients into a shaker and mix, then strain contents into a chilled cocktail glass.",Coloque todos los ingredientes en una coctelera y mezcle. Cuele el contenido en una copa de cóctel previamente enfriada.,"Alle Zutaten in einen Shaker geben und mischen, dann den Inhalt in ein gekühltes Cocktailglas abseihen.",,"Mettere tutti gli ingredienti in uno shaker e mescolare, quindi filtrare il contenuto in una coppetta da cocktail fredda.",,,https://www.thecocktaildb.com/images/media/drink/2mcozt1504817403.jpg,Gin,Sweet Vermouth,Orange Juice,Angostura Bitters,,,,,,,,,,,,2 shots ,1 shot ,1 shot ,3 dashes ,,,,,,,,,,,,,,No,2017-09-07 21:50:03
13501,ABC,,,,Shot,,Alcoholic,Shot glass,Layered in a shot glass.,Coloque todos los ingredientes en un vaso de chupito.,Schichtaufbau in einem Schnapsglas.,,"Versa in ordine di lettera i vari ingredienti. 1/3 del bicchiere va riempito con l'Amaretto, 1/3 di Baileys e il restante di Cognac.",,,https://www.thecocktaildb.com/images/media/drink/tqpvqp1472668328.jpg,Amaretto,Baileys irish cream,Cognac,,,,,,,,,,,,,1/3 ,1/3 ,1/3 ,,,,,,,,,,,,,,,No,2016-08-31 19:32:08
17835,Abilene,,,,Ordinary Drink,,Alcoholic,Highball glass,Pour all of the ingredients into a highball glass almost filled with ice cubes. Stir well.,Coloque todos los ingredientes en un vaso alto casi lleno de cubitos de hielo. Sacudir bien.,,,Versare tutti gli ingredienti in un bicchiere highball riempito di cubetti di ghiaccio. Mescolare bene.,,,https://www.thecocktaildb.com/images/media/drink/smb2oe1582479072.jpg,Dark rum,Peach nectar,Orange juice,,,,,,,,,,,,,1 1/2 oz ,2 oz ,3 oz ,,,,,,,,,,,,,,,Yes,2016-04-29 09:44:25
12790,Absinthe #2,,,,Homemade Liqueur,,Alcoholic,Jar,"Mix together and let sit a few days. Strain through a coffee filter. To serve mix 1 part absinthe to 4 parts water, add ice, enjoy.","Mezclar y dejar reposar unos días. Colar la mezcla a través de un filtro de café. Para servir, mezcle 1 parte de absenta con 4 partes de agua, agregue hielo y disfrútelo.","Zusammen mischen und ein paar Tage ruhen lassen. Durch einen Kaffeefilter abseihen. Zum Servieren 1 Teil Absinth mit 4 Teilen Wasser mischen, Eis hinzufügen, genießen.",,"Mescolate insieme e lasciate riposare qualche giorno.Per servire mescolare 1 parte di assenzio a 4 parti di acqua, aggiungere il ghiaccio e gustare.Filtrare attraverso un filtro da caffè.",,,https://www.thecocktaildb.com/images/media/drink/uxxtrt1472667197.jpg,Vodka,Sugar,Anise,Licorice root,Wormwood,,,,,,,,,,,1 bottle ,50 gr ,50 ml pure ,1 tblsp ,1 ,,,,,,,,,,,,,No,2016-08-31 19:13:17
14374,Absolut Evergreen,,,,Other / Unknown,,Alcoholic,Collins Glass,"Mix, pour over ice and top up with Bitter Lemon.","Mezcle, vierta sobre hielo y cubra con el Schweppes Bitter Lemon.","Mischen, über Eis gießen und mit Bitterzitrone auffüllen.",,"Mescolare, versare sopra ghiaccio e completare con Bitter Lemon.",,,https://www.thecocktaildb.com/images/media/drink/wrxrxp1472812609.jpg,Absolut Citron,Pisang Ambon,Ice,Bitter lemon,,,,,,,,,,,,2/3 part ,1/3 part ,cubes,,,,,,,,,,,,,,,No,2016-09-02 11:36:49
14372,Absolut limousine,,,,Other / Unknown,,Alcoholic,Collins Glass,Fill Absolut into a glass. Add Lime juice. Add Ice and lime wedges.,Llena un vaso con Absolut. Agregue el jugo de limón. Agregue hielo y rodajas de limón.,Absolut in ein Glas füllen. Limettensaft zugeben. Füge Eis- und Limettenkeile hinzu.,,"Riempi Absolut in un bicchiere.
Aggiungi il succo di lime.
Aggiungi ghiaccio e spicchi di lime.",,,https://www.thecocktaildb.com/images/media/drink/ssqpyw1472719844.jpg,Absolut Citron,Lime juice,Ice,Tonic water,,,,,,,,,,,,2/3 ,1/3 ,Fill with ,Top it up with ,,,,,,,,,,,,,,No,2016-09-01 09:50:44
14360,Absolut Sex,,,,Shot,,Alcoholic,Old-fashioned glass,"Shake Absolut Kurant, Midori, and Cranberry juice in shaker with ice: Strain into rocks glass: Splash of seven on top.Absolut Sex.","Agitar Absolut Kurant, Midori y zumo de arándanos en una coctelera con hielo. Colar en un vaso con hielo. Un poco de Sprite. Absolut Sex.","Absolut Kurant, Midori und Preiselbeersaft im Shaker mit Eis schütteln: In ein Rocks Glas abseihen: Ein Spritzer von 7 oben drauf. Absoluter Sex.",,"Shakerare Absolut Kurant, Midori e il succo di mirtillo rosso in uno shaker con ghiaccio",,,https://www.thecocktaildb.com/images/media/drink/xtrvtx1472668436.jpg,Absolut Kurant,Midori melon liqueur,Cranberry juice,Sprite,,,,,,,,,,,,3/4 oz ,3/4 oz ,1 oz ,1 splash ,,,,,,,,,,,,,,No,2016-08-31 19:33:56
15597,Absolut Stress #2,,,,Ordinary Drink,,Alcoholic,Collins Glass,Mix well. Garnish with Orange and Cherry. Enjoy,Mezclar bien. Decorar con la naranja y la cereza. Disfrútalo!,Gut mischen. Mit Orange und Kirsche garnieren. Genießen.,,"Mescolare bene.
Guarnire con arancia e ciliegia.",,,https://www.thecocktaildb.com/images/media/drink/xuyqrw1472811825.jpg,Absolut Vodka,Peach schnapps,Coconut liqueur,Cranberry juice,Pineapple juice,,,,,,,,,,,1 1/2 oz ,1/2 oz ,1/2 oz ,1 1/2 oz ,1 1/2 oz ,,,,,,,,,,,,,No,2016-09-02 11:23:45
14107,Absolut Summertime,,,,Cocktail,,Alcoholic,Collins glass,Add all ingredients except lemon to shaker filled with ice. Cover and shake vigorously. Strain contents into ice filled collins glass. Garnish with lemon.,"Agregue todos los ingredientes, excepto el limón, a una coctelera llena de hielo. Cubra y agite enérgicamente. Cuele el contenido en un vaso Collins lleno de hielo. Adorna con limón.",Alle Zutaten außer Zitrone in den mit Eis gefüllten Shaker geben. Abdecken und kräftig schütteln. Inhalt in eisgefülltes Collins-Glas abseihen. Mit Zitrone garnieren.,,"Aggiungere tutti gli ingredienti tranne il limone in uno shaker pieno di ghiaccio.
Coprite e agitate energicamente.
Filtrare il contenuto in un bicchiere collins pieno di ghiaccio.
Guarnire con il limone.",,,https://www.thecocktaildb.com/images/media/drink/trpxxs1472669662.jpg,Absolut Citron,Sweet and sour,Sprite,Soda water,Lemon,,,,,,,,,,,1 1/2 oz ,3/4 oz ,1/2 oz ,3 oz ,1 slice ,,,,,,,,,,,,,No,2016-08-31 19:54:22
15024,Absolutely Cranberry Smash,,,,Ordinary Drink,,Alcoholic,Cocktail glass,Stir ingredients together. Serve over ice.,Mezcla los ingredientes. Servir con cubitos de hielo.,Zutaten verrühren. Auf Eis servieren.,,"Mescola gli ingredienti insieme.
Servire con ghiaccio.",,,https://www.thecocktaildb.com/images/media/drink/vqwstv1472811884.jpg,Absolut Vodka,Cranberry juice,Ginger ale,Ice,,,,,,,,,,,,2 oz ,4 oz ,2 oz ,Add ,,,,,,,,,,,,,,No,2016-09-02 11:24:44
17224,Absolutely Fabulous,,,,Cocktail,,Alcoholic,Champagne flute,Mix the Vodka and Cranberry juice together in a shaker and strain into a glass. Top up with Champagne.,Mezcle el vodka y el jugo de arándanos en una coctelera y cuélelos en un vaso. Rellénalo con champán.,Den Wodka- und Preiselbeersaft in einem Shaker vermischen und in ein Glas abseihen. Mit Champagner auffüllen.,,Mescolare la vodka e il succo di mirtillo rosso in uno shaker e filtrare in un bicchiere. Rabboccare con lo champagne.,,,https://www.thecocktaildb.com/images/media/drink/abcpwr1504817734.jpg,Vodka,Cranberry Juice,Champagne,,,,,,,,,,,,,1 shot ,2 shots ,Top up with,,,,,,,,,,,,,,,No,2017-09-07 21:55:34
16134,Absolutly Screwed Up,,,,Cocktail,,Alcoholic,Collins glass,"Shake it up it tasts better that way, but you can stir it if you want. 6 of those and you will be wasted for the rest of the night.","Agítalo para que te sepa más delicioso, pero puedes revolverlo si quieres. 6 de esos lo mantendré borracho por el resto de la noche.","Schütteln Sie, schmeckt es besser, aber Sie können es auch rühren, wenn Sie wollen. 6 davon und du wirst für den Rest der Nacht erledigt sein.",,"Agitalo perché ha un sapore migliore, ma puoi mescolarlo se vuoi.
6 di quelli e sarai ubriaco per il resto della notte.",,,https://www.thecocktaildb.com/images/media/drink/yvxrwv1472669728.jpg,Absolut Citron,Orange juice,Triple sec,Ginger ale,,,,,,,,,,,,1 shot ,1 shot ,1 shot ,Fill to top ,,,,,,,,,,,,,,No,2016-08-31 19:55:28
17836,Acapulco,,,,Ordinary Drink,,Alcoholic,Old-fashioned glass,Combine and shake all ingredients (except mint) with ice and strain into an old-fashioned glass over ice cubes. Add the sprig of mint and serve.,Mezcle y agite todos los ingredientes (excepto la menta) con hielo y cuélelos en un vaso de rocas sobre cubitos de hielo. Añadir una ramita de menta y servir.,Alle Zutaten (außer Minze) mit Eis mischen und schütteln und in ein old-fashioned Glas über Eiswürfel abseihen. Den Minzzweig dazugeben und servieren.,,Unire e scuotere tutti gli ingredienti (tranne la menta) con ghiaccio e filtrare in un bicchiere vecchio stile su cubetti di ghiaccio.Aggiungere il rametto di menta e servire.,,,https://www.thecocktaildb.com/images/media/drink/il9e0r1582478841.jpg,Light rum,Triple sec,Lime juice,Sugar,Egg white,Mint,,,,,,,,,,1 1/2 oz ,1 1/2 tsp ,1 tblsp ,1 tsp ,1 ,1 ,,,,,,,,,,,,Yes,2016-09-02 11:26:16
17225,Ace,,,,Cocktail,,Alcoholic,Martini Glass,Shake all the ingredients in a cocktail shaker and ice then strain in a cold glass.,Agite todos los ingredientes en una coctelera con hielo y entonces cuélelos sobre un vaso enfriado.,Alle Zutaten in einem Cocktailshaker mit Eis schütteln und dann in einem kalten Glas abseihen.,,"Shakerare tutti gli ingredienti in uno shaker e ghiaccio, quindi filtrare in un bicchiere freddo.",,,https://www.thecocktaildb.com/images/media/drink/l3cd7f1504818306.jpg,Gin,Grenadine,Heavy cream,Milk,Egg White,,,,,,,,,,,2 shots ,1/2 shot ,1/2 shot ,1/2 shot,1/2 Fresh,,,,,,,,,,,,,No,2017-09-07 22:05:06
14610,ACID,,,,Shot,,Alcoholic,Shot glass,Poor in the 151 first followed by the 101 served with a Coke or Dr Pepper chaser.,"Vierta primero el Bacardi 151, seguido del Wild Turkey 101 y sirva con Coca-Cola o Dr Pepper.","Gering den 151 gefolgt von der 101, die mit einer Cola oder Dr. Pepper Chaser serviert wird.",,"Versa prima il Bacardi 151 seguito dal 101, servito con una Coca-Cola.",,,https://www.thecocktaildb.com/images/media/drink/xuxpxt1479209317.jpg,151 proof rum,Wild Turkey,,,,,,,,,,,,,,1 oz Bacardi ,1 oz ,,,,,,,,,,,,,,,,No,2016-11-15 11:28:37
17837,Adam,,"Alcoholic,Holiday",,Ordinary Drink,,Alcoholic,Cocktail glass,"In a shaker half-filled with ice cubes, combine all of the ingredients. Shake well. Strain into a cocktail glass.",Mezclar todos los ingredientes en una coctelera con cubitos de hielo hasta la mitad. Agitar bien. Colar el contenido en un vaso de cóctel.,"In einem Shaker, der halb mit Eiswürfeln gefüllt ist, alle Zutaten vermengen. Gut schütteln. In ein Cocktailglas abseihen.",,"In uno shaker riempito a metà con cubetti di ghiaccio, unire tutti gli ingredienti.Agitare bene.Filtrare in un bicchiere da cocktail.",,,https://www.thecocktaildb.com/images/media/drink/v0at4i1582478473.jpg,Dark rum,Lemon juice,Grenadine,,,,,,,,,,,,,2 oz ,1 oz ,1 tsp ,,,,,,,,,,,,,,,Yes,2016-09-02 11:29:29
17226,Adam & Eve,,,,Cocktail,,Alcoholic,Cocktail glass,Shake together all the ingredients and strain into a cold glass.,Agitar todos los ingredientes y colarlos en un vaso enfriado.,Alle Zutaten vermengen und in ein kaltes Glas abseihen.,,Shakerare insieme tutti gli ingredienti e filtrare in un bicchiere freddo.,,,https://www.thecocktaildb.com/images/media/drink/vfeumw1504819077.jpg,Gin,Cognac,Creme de Cassis,Fresh Lemon Juice,,,,,,,,,,,,1 shot ,1 shot ,1 shot ,1/8 shot ,,,,,,,,,,,,,,No,2017-09-07 22:17:58
16333,Adam Bomb,,,,Punch / Party Drink,,Alcoholic,Margarita/Coupette glass,"Add ice to blender (or to glass if prefer on the rocks) then fruit, and fruite juice depending on personal prefference then add the Rum, Vodka, Tequila, and triple sec. blend till smooth, rim glass with sugar or salt and pour mixture in. garnish with lemon or lime slice.","Agregue hielo a la licuadora (o al vaso, si lo prefiere). Agregue las frutas y el jugo de frutas según sus preferencias personales, después agregue el Ron, el Vodka, el Tequila y el Triple Dry. Bate hasta que quede homogeneo, decora el vaso con azúcar o sal en el borde y vierte la mezcla. Adorne con una rodaja de lima o limón.","Eis in den Mixer (oder in ein Glas, wenn Sie lieber On the Rocks bevorzugen), dann Obst und Fruchtsaft je nach persönlicher Vorliebe, dann Rum, Wodka, Tequila und Triple Sec. zugeben, bis sie glattflächig sind, Glas mit Zucker oder Salz einrühren und die Mischung hineingeben. Mit Zitronen- oder Limonenscheibe garnieren.",,"Aggiungere il ghiaccio al frullatore (o al bicchiere se si preferisce con ghiaccio) poi la frutta e il succo di frutta a seconda delle preferenze personali, quindi aggiungere il rum, la vodka, la tequila e il triple sec.
Frullare fino a che non diventa liscio, riempire l'orlo del bicchiere con zucchero o sale, e versare il composto.
Guarnire con una fetta di limone o lime.",,,https://www.thecocktaildb.com/images/media/drink/tpxurs1454513016.jpg,Rum,Vodka,Tequila,Triple sec,Fruit,Ice,Salt,Fruit juice,,,,,,,,1 part ,1 part ,1 part ,1/2 part ,,,1-3 pint ,,,,,,,,,,,No,2016-02-03 15:23:36
15567,Adam Sunrise,,,,Ordinary Drink,,Alcoholic,Collins Glass,"Fill blender up with ice. Fill half with Bartons Vodka. Put 10 tsp of sugar, add 1/2 can lemonade concentrate, fill to top with water. Blend for 60 seconds.","Llena la licuadora con hielo. Llena hasta la mitad del vaso de la licuadora con Bartons Vodka. Agregue 10 cucharaditas de azúcar, agregue 1/2 botella de limonada Schweppes, llene hasta arriba con agua. Mezclar durante 60 segundos.","Den Mixer mit Eis auffüllen. Füllen Sie die Hälfte mit Bartons Wodka. 10 Teelöffel Zucker hinzufügen, 1/2 Dose Limonadenkonzentrat hinzufügen, mit Wasser füllen. 60 Sekunden lang mischen.",,"Riempi il frullatore di ghiaccio.
Riempi metà con Bartons Vodka.
Mettere 10 cucchiaini di zucchero, aggiungere 1/2 lattina di concentrato di limonata, riempire con acqua.
Frulla per 60 secondi.",,,https://www.thecocktaildb.com/images/media/drink/vtuyvu1472812112.jpg,Vodka,Lemonade,Water,Sugar,,,,,,,,,,,,1/2 ,1/2 can ,1/2 ,10 tsp ,,,,,,,,,,,,,,No,2016-09-02 11:28:32
17227,Addington,,,,Cocktail,,Alcoholic,Cocktail glass,Mix both the vermouth's in a shaker and strain into a cold glass. Top up with a squirt of Soda Water. ,Mezclar el vermut en una coctelera y colar en una copa fría. Rellene con un chorro de agua con gas.,Mischen Sie beide Wermutarten in einem Shaker und sieben Sie sie in ein kaltes Glas. Mit einem Spritzer Sodawasser auffüllen.,,Rabboccare con l'acqua di seltz.Mescolare entrambi i vermut in uno shaker e filtrare in un bicchiere freddo.,,,https://www.thecocktaildb.com/images/media/drink/ib0b7g1504818925.jpg,Sweet Vermouth,Dry Vermouth,Soda Water,,,,,,,,,,,,,2 shots ,1 shot ,"Top up with
",,,,,,,,,,,,,,,No,2017-09-07 22:15:25
17228,Addison,,,,Cocktail,,Alcoholic,Martini Glass,Shake together all the ingredients and strain into a cold glass.,Agitar todos los ingredientes y colar la mezcla en un vaso enfriado.,Alle Zutaten vermengen und in ein kaltes Glas abseihen.,,Shakerare insieme tutti gli ingredienti e filtrare in un bicchiere freddo.,,,https://www.thecocktaildb.com/images/media/drink/yzva7x1504820300.jpg,Gin,Vermouth,,,,,,,,,,,,,,1 1/2 shot ,1 1/2 shot ,,,,,,,,,,,,,,,,No,2017-09-07 22:38:20
14272,Addison Special,,,,Cocktail,,Alcoholic,Old-fashioned glass,Combine ingredients in the order listed into a shaker. Fill half full with ice and shake well. Strain into glass with ice and garnish with a cherry and orange wedge.,Mezcle los ingredientes en el orden indicado en una coctelera. Llene hasta la mitad con hielo y agite bien. Colar en un vaso con hielo y decorar con una rodaja de cereza y naranja.,Mische die Zutaten in der angegebenen Reihenfolge in einem Shaker. Halb voll mit Eis füllen und gut schütteln. In ein Glas mit Eis abseihen und mit einem Kirsch- und Orangenkeil garnieren.,,"Unisci gli ingredienti nell'ordine elencato in uno shaker.
Riempi per metà con ghiaccio e agita bene.
Filtrare in un bicchiere con ghiaccio e guarnire con una fetta di ciliegia e arancia.",,,https://www.thecocktaildb.com/images/media/drink/4vo5651493068493.jpg,Vodka,Grenadine,Orange juice,,,,,,,,,,,,,1 shot ,1 tblsp ,Fill with ,,,,,,,,,,,,,,,No,2017-04-24 22:14:53
17229,Adios Amigos Cocktail,,,,Cocktail,,Alcoholic,Martini Glass,Shake together all the ingredients and strain into a cold glass.,Agitar todos los ingredientes y colarlos en un vaso enfriado.,Alle Zutaten vermengen und in ein kaltes Glas abseihen.,,Shakerare insieme tutti gli ingredienti e filtrare in un bicchiere freddo.,,,https://www.thecocktaildb.com/images/media/drink/8nk2mp1504819893.jpg,Rum,Dry Vermouth,Cognac,Gin,Fresh Lime Juice,Sugar Syrup,Water,,,,,,,,,1 shot ,1/2 shot ,1/2 shot ,1/2 shot ,1/4 shot,1/4 shot,1/2 shot ,,,,,,,,,,,No,2017-09-07 22:31:33
17838,Adonis Cocktail,,,,Ordinary Drink,,Alcoholic,Cocktail glass,"Stir all ingredients with ice, strain contents into a cocktail glass, and serve.","Mezclar todos los ingredientes con hielo, colar el contenido en una copa de cóctel y servir.","Alle Zutaten mit Eis verrühren, Inhalt in ein Cocktailglas abseihen und servieren.",,"Mescolare tutti gli ingredienti con ghiaccio, filtrare il contenuto in una coppetta da cocktail e servire.",,,https://www.thecocktaildb.com/images/media/drink/xrvruq1472812030.jpg,Sweet Vermouth,Sherry,Orange bitters,,,,,,,,,,,,,3/4 oz ,1 1/2 oz dry ,1 dash ,,,,,,,,,,,,,,,No,2016-09-02 11:27:11
17839,Affair,,,,Ordinary Drink,,Alcoholic,Highball glass,"Pour schnapps, orange juice, and cranberry juice over ice in a highball glass. Top with club soda and serve.","Vierta el Schnapps, el jugo de naranja y el jugo de arándano sobre hielo en un vaso alto. Complete con el agua carbonatada y sirva.","Gießen Sie Schnaps, Orangensaft und Cranberrysaft über Eis in ein Highball-Glas. Mit Club-Soda überziehen und servieren.",,"Versare la grappa, il succo d'arancia e il succo di mirtillo rosso sul ghiaccio in un bicchiere highball. Completare con la soda club e servire.",,,https://www.thecocktaildb.com/images/media/drink/h5za6y1582477994.jpg,Strawberry schnapps,Orange juice,Cranberry juice,Club soda,,,,,,,,,,,,2 oz ,2 oz ,2 oz ,,,,,,,,,,,,,,,Yes,2016-09-01 10:05:34
17840,Affinity,,,,Ordinary Drink,,Alcoholic,Cocktail glass,"In a mixing glass half-filled with ice cubes, combine all of the ingredients. Stir well. Strain into a cocktail glass.","En un vaso mezclador lleno hasta la mitad con cubitos de hielo, combine todos los ingredientes. Sacudir bien. Colar en un vaso de cóctel.","In einem Mischglas, das halb mit Eiswürfeln gefüllt ist, alle Zutaten vermengen. Gut umrühren. In ein Cocktailglas abseihen.",,"In un mixing glass riempito a metà con cubetti di ghiaccio, unire tutti gli ingredienti. Filtrare in un bicchiere da cocktail. Mescolare bene.",,,https://www.thecocktaildb.com/images/media/drink/wzdtnn1582477684.jpg,Scotch,Sweet Vermouth,Dry Vermouth,Orange bitters,,,,,,,,,,,,1 1/2 oz ,1 oz ,1 oz ,2 dashes ,,,,,,,,,,,,,,Yes,2017-09-07 21:44:05
11010,After Dinner Cocktail,,DinnerParty,,Ordinary Drink,,Alcoholic,Cocktail glass,Shake all ingredients (except lime wedge) with ice and strain into a cocktail glass. Add the wedge of lime and serve.,Agite todos los ingredientes (excepto la rodaja de limón) con hielo y cuélalos en un vaso de cóctel. Añadir la rodaja de lima y servir.,Alle Zutaten (außer Limettenkeil) mit Eis schütteln und in ein Cocktailglas abseihen. Den Limettenkeil dazugeben und servieren.,,Shakerare tutti gli ingredienti (eccetto uno spicchio di lime) con ghiaccio e filtrare in una coppetta da cocktail.Aggiungere lo spicchio di lime e servire.,,,https://www.thecocktaildb.com/images/media/drink/vtytxq1483387578.jpg,Apricot brandy,Triple sec,Lime,Lime,,,,,,,,,,,,1 oz ,1 oz ,Juice of 1 ,1 ,,,,,,,,,,,,https://www.thecocktaildb.com/drink/11010,TheCocktailDB.com,Yes,2017-01-02 20:06:18
13807,After Five,,,,Shot,,Alcoholic,Shot glass,"1. Pour Kahlua into shot glass to about 1/2 full. 2. Using a spoon(inverted), slowly pour in the Peppermint Schnapps until glass is about 3/4 full. Done correctly, the Schnapps will flow under the Kahlua for a clear layer. 3. Again using a spoon, but this time right side up, slowly top off the glass with a layer of Bailey's. Be careful to place the spoon right at the top of the Kahlua layer and to raise it as the glass fills up. Done correctly, this will provide a layer of Bailey's floating over the Kahlua. 4. Toss it down all at once for something like a Peppermint Pattie, WITH A BANG!!! NOTE: Best if all ingredients are chilled","1. Vierta el licor Kahlúa hasta la mitad en un vaso de chupito. 2. Usando una cuchara (invertida), vierta lentamente el Schnapps de menta hasta que el vaso esté lleno aproximadamente 3/4. Hecho correctamente, el Schnapps fluirá debajo del Kahlúa formando una capa transparente. 3. Nuevamente usando una cuchara, pero esta vez con el lado derecho hacia arriba, cubra lentamente el vaso con una capa de Bailey's. Tenga cuidado de colocar la cuchara justo encima de la capa de Kahlúa y levántela a medida que se llena el vaso. Hecho correctamente, esto proporcionará una capa de Baileys flotando sobre Kahlúa. 4. Agregue todo a la vez para algo como una pasta de menta, ¡¡¡CON GRAN ÉXITO!!! NOTA: Mejor si todos los ingredientes están refrigerados.","1. Gießen Sie Kahlua in das Schnapsglas bis etwa 1/2 voll. 2. Mit einem Löffel (invertiert) den Pfefferminzlikör langsam einfüllen, bis das Glas etwa 3/4 voll ist. Richtig gemacht, fließt der Schnaps unter dem Kahlua für eine klare Schicht. 3. Wieder mit einem Löffel, aber diesmal mit der rechten Seite nach oben, das Glas langsam mit einer Schicht Bailey's abdecken. Achten Sie darauf, den Löffel ganz oben auf die Kahluaschicht zu stellen und ihn beim Auffüllen des Glases anzuheben. Richtig gemacht, wird dies eine Schicht von Bailey's, die über dem Kahlua schwimmt, ergeben. 4. Trinken Sie es auf einmal weg, mit einem Knall. HINWEIS: Am besten, wenn alle Zutaten gekühlt sind.",,"1.
Versare Kahlua nel bicchiere da shot a circa 1/2 pieno.
2.
Con un cucchiaio (capovolto), versare lentamente la Schnapps alla menta piperita fino a riempire il bicchiere per circa 3/4.
Fatto correttamente, la Schnapps scorrerà sotto il Kahlua per uno strato chiaro.
3.
Usando ancora un cucchiaio, ma questa volta con il lato giusto verso l'alto, riempi lentamente il bicchiere con uno strato di Bailey's.
Fai attenzione a posizionare il cucchiaio proprio sopra lo strato di Kahlua e sollevalo mentre il bicchiere si riempie.
Fatto correttamente, questo fornirà uno strato di Bailey che galleggia sul Kahlua.
4.
Buttalo giù tutto in una volta                                                                                                                                                                                NOTA: meglio se tutti gli ingredienti sono refrigerati",,,https://www.thecocktaildb.com/images/media/drink/sk3lr91493068595.jpg,Peppermint schnapps,Kahlua,Baileys irish cream,,,,,,,,,,,,,,,,,,,,,,,,,,,,,,No,2017-04-24 22:16:35
15182,After sex,,,,Ordinary Drink,,Alcoholic,Highball glass,Pour the vodka and creme over some ice cubes in a tall glass and fill up with juice. to make it beuty full make the top of the glass with a grenadine and sugar,"Vierta el vodka y la crema de plátano sobre unos cubitos de hielo en un vaso alto y rellénelo con el jugo de naranja. Para que quede bonito, pruebe a escarchar el borde de la copa con granadina y azúcar.","Gießen Sie den Wodka und die Sahne über einige Eiswürfel in ein hohes Glas und füllen Sie ihn mit Saft. Damit es voll ist, verzieren Sie die Oberseite des Glases mit einer Grenadine und Zucker.",,"Versare la vodka e la crema su alcuni cubetti di ghiaccio in un bicchiere alto e riempire di succo.
Per renderlo bello, versare nella parte superiore del bicchiere un po’ di granatina e nei bordi mettere un po’ di zucchero",,,https://www.thecocktaildb.com/images/media/drink/xrl66i1493068702.jpg,Vodka,Creme de Banane,Orange juice,,,,,,,,,,,,,2 cl ,1 cl ,,,,,,,,,,,,,,,,No,2017-04-24 22:18:22
11011,After Supper Cocktail,,,,Ordinary Drink,,Alcoholic,Cocktail glass,"Shake all ingredients with ice, strain into a cocktail glass, and serve.","Agita todos los ingredientes con hielo, viértalos en un vaso de cóctel y sirva.","Alle Zutaten mit Eis schütteln, in ein Cocktailglas abseihen und servieren.",,"Shakerare tutti gli ingredienti con ghiaccio, filtrare in una coppetta da cocktail e servire.",,,https://www.thecocktaildb.com/images/media/drink/quyxwu1483387610.jpg,Triple sec,Apricot brandy,Lemon juice,,,,,,,,,,,,,1 oz ,1 oz ,1/2 tsp ,,,,,,,,,,,,,https://www.thecocktaildb.com/drink/11011,TheCocktailDB.com,Yes,2017-01-02 20:06:50
13162,Afternoon,,,,Coffee / Tea,,Alcoholic,Collins Glass,"Build into a suiting glass, with no ice. Cream on top if wanted. Served directly.","Preparar en un vaso adecuado, sin hielo. Crema encima, si gustas. Servido directamente.","In ein passendes Glas geben, ohne Eis. Auf Wunsch mit Sahne überziehen. Direkt serviert.",,"Incorpora un bicchiere adatto, senza ghiaccio.
Crema in cima se lo si desidera."
11999, Servito direttamente.,,,https://www.thecocktaildb.com/images/media/drink/vyrurp1472667777.jpg,Kahlua,Baileys irish cream,Frangelico,Coffee,Cream,,,,,,,,,,,1 cl ,1 cl ,1 1/2 ,4 cl hot ,,,,,,,,,,,,,,No,2016-08-31 19:22:57
11012,Alabama Slammer,,Summer,,Ordinary Drink,,Alcoholic,Highball glass,"Pour all ingredients (except for lemon juice) over ice in a highball glass. Stir, add a dash of lemon juice, and serve.","Vierta todos los ingredientes (excepto el jugo de limón) sobre hielo en un vaso alto. Mezcla, añade un chorrito de zumo de limón y sirve.","Alle Zutaten (außer Zitronensaft) in einem Highball-Glas über Eis gießen. Umrühren, einen Schuss Zitronensaft hinzufügen und servieren.",,"Versare tutti gli ingredienti (tranne il succo di limone) sul ghiaccio in un bicchiere highball.Mescolate, aggiungete un goccio di succo di limone e servite.",,,https://www.thecocktaildb.com/images/media/drink/jntghf1606771886.jpg,Southern Comfort,Amaretto,Sloe gin,Lemon juice,,,,,,,,,,,,1 oz ,1 oz ,1/2 oz ,1 dash ,,,,,,,,,,,,https://www.pxfuel.com/en/free-photo-eplac,pxfuel.com,Yes,2017-01-02 20:07:27
11013,Alaska Cocktail,,"Beach,Chilli",,Ordinary Drink,,Alcoholic,Cocktail glass,"Stir all ingredients with ice, strain contents into a cocktail glass. Drop in a twist of lemon and serve.","Mezclar todos los ingredientes con hielo, colar el contenido en una copa de cóctel. Añadir una rodaja de limón y servir.","Alle Zutaten mit Eis verrühren, Inhalt in ein Cocktailglas abseihen. Einen Spritzer Zitrone dazugeben und servieren.",,"Mescolare tutti gli ingredienti con ghiaccio, filtrare il contenuto in un bicchiere da cocktail.Aggiungere una noce di limone e servire.",,,https://www.thecocktaildb.com/images/media/drink/wsyryt1483387720.jpg,Orange bitters,Gin,Yellow Chartreuse,Lemon peel,,,,,,,,,,,,2 dashes ,1 1/2 oz ,3/4 oz ,Twist of ,,,,,,,,,,,,,,No,2017-01-02 20:08:40
11014,Alexander,,"IBA,Classic,Dairy",https://www.youtube.com/watch?v=qEhRK_v2w2g,Ordinary Drink,Unforgettables,Alcoholic,Cocktail glass,Shake all ingredients with ice and strain contents into a cocktail glass. Sprinkle nutmeg on top and serve.,Agite todos los ingredientes con hielo y cuele el contenido en una copa de cóctel. Espolvorea nuez moscada encima y sirve.,Alle Zutaten mit Eis schütteln und in ein Cocktailglas abseihen. Muskatnuss darüber streuen und servieren.,,Shakerare tutti gli ingredienti con ghiaccio e filtrare il contenuto in un bicchiere da cocktail. Cospargere di noce moscata e servire.,,,https://www.thecocktaildb.com/images/media/drink/0clus51606772388.jpg,Gin,Creme de Cacao,Light cream,Nutmeg,,,,,,,,,,,,1/2 oz ,1/2 oz white ,2 oz ,,,,,,,,,,,,,https://www.pxfuel.com/en/free-photo-expqp,pxfuel.com,Yes,2016-11-04 09:50:39
11019,Alfie Cocktail,,Alcoholic,,Ordinary Drink,,Alcoholic,Cocktail glass,"Combine and shake all ingredients with ice, strain into a cocktail glass, and serve.","Mezclar y agitar todos los ingredientes con hielo, colarlos en un vaso de cóctel y servir.","Alle Zutaten mit Eis mischen und schütteln, in ein Cocktailglas abseihen und servieren.",,"Unire e scuotere tutti gli ingredienti con ghiaccio, filtrare in una coppetta da cocktail e servire.",,,https://www.thecocktaildb.com/images/media/drink/ypxsqy1483387829.jpg,Lemon vodka,Triple sec,Pineapple juice,,,,,,,,,,,,,1 1/2 oz ,1 dash ,1 tblsp ,,,,,,,,,,,,,,,No,2017-01-02 20:10:29
11020,Algonquin,,,,Ordinary Drink,,Alcoholic,Cocktail glass,"Combine and shake all ingredients with ice, strain contents into a cocktail glass, and serve.","Mezclar y agitar todos los ingredientes con hielo, colarlos en un vaso de cóctel y servir.","Alle Zutaten mit Eis mischen und schütteln, Inhalt in ein Cocktailglas abseihen und servieren.",,"Unire e scuotere tutti gli ingredienti con ghiaccio, filtrare il contenuto in una coppetta da cocktail e servire.",,,https://www.thecocktaildb.com/images/media/drink/uwryxx1483387873.jpg,Blended whiskey,Dry Vermouth,Pineapple juice,,,,,,,,,,,,,1 1/2 oz ,1 oz ,1 oz ,,,,,,,,,,,,,,,No,2017-01-02 20:11:13
17094,Alice in Wonderland,,,,Ordinary Drink,,Alcoholic,Collins Glass,Just mix the three ingredients one to one to one,"Simplemente, mezcle los tres ingredientes uno a uno.",Mische einfach die drei Zutaten.,,Basta mescolare i tre ingredienti uno a uno a uno,,,https://www.thecocktaildb.com/images/media/drink/g12lj41493069391.jpg,Amaretto,Grand Marnier,Southern Comfort,,,,,,,,,,,,,1 shot ,1 shot ,1 shot ,,,,,,,,,,,,,,,No,2017-04-24 22:29:51
11021,Allegheny,,,,Ordinary Drink,,Alcoholic,Cocktail glass,Shake all ingredients (except lemon peel) with ice and strain into a cocktail glass. Top with the twist of lemon peel and serve.,Agite todos los ingredientes (excepto el twist de limón) con hielo y cuele en un vaso de cóctel. Cubra con el twist de limón y sirva.,Alle Zutaten (außer Zitronenschale) mit Eis schütteln und in ein Cocktailglas abseihen. Mit der Drehung der Zitronenschale garnieren und servieren.,,Shakerare tutti gli ingredienti (tranne la buccia di limone) con ghiaccio e filtrare in una coppetta da cocktail.Completare con la scorza di limone e servire.,,,https://www.thecocktaildb.com/images/media/drink/uwvyts1483387934.jpg,Dry Vermouth,Bourbon,Blackberry brandy,Lemon juice,Lemon peel,,,,,,,,,,,1 oz ,1 oz ,1 1/2 tsp ,1 1/2 tsp ,1 twist of ,,,,,,,,,,,,,No,2017-01-02 20:12:14
11022,Allies Cocktail,,,,Ordinary Drink,,Alcoholic,Cocktail glass,"Stir all ingredients with ice, strain contents into a cocktail glass, and serve.","Mezclar todos los ingredientes con hielo, colar el contenido en un vaso de cóctel y servir.","Alle Zutaten mit Eis verrühren, Inhalt in ein Cocktailglas abseihen und servieren.",,"Mescolare tutti gli ingredienti con ghiaccio, filtrare il contenuto in una coppetta da cocktail e servire.",,,https://www.thecocktaildb.com/images/media/drink/qvprvp1483388104.jpg,Dry Vermouth,Gin,Kummel,,,,,,,,,,,,,1 oz ,1 oz ,1/2 tsp ,,,,,,,,,,,,,,,No,2017-01-02 20:15:04
11023,Almeria,,,,Ordinary Drink,,Alcoholic,Cocktail glass,"In a shaker half-filled with ice cubes, combine all of the ingredients. Shake well. Strain into a cocktail glass.","En una coctelera llena hasta la mitad con cubitos de hielo, mezcla todos los ingredientes. Agitar bien. Colar el contenido en un vaso de cóctel.","In einem Shaker, der halb mit Eiswürfeln gefüllt ist, alle Zutaten vermengen. Gut schütteln. In ein Cocktailglas abseihen.",,"In uno shaker riempito a metà con cubetti di ghiaccio, unire tutti gli ingredienti.Agitare bene.Filtrare in un bicchiere da cocktail.",,,https://www.thecocktaildb.com/images/media/drink/rwsyyu1483388181.jpg,Dark rum,Kahlua,Egg white,,,,,,,,,,,,,2 oz ,1 oz ,1 ,,,,,,,,,,,,,,,No,2017-01-02 20:16:21
16082,Almond Chocolate Coffee,,,,Ordinary Drink,,Alcoholic,Coffee mug,Pour in order into coffee cup. Top with whipped creme and chocolate shcvings.,Verter en orden en la taza de café. Cubra con crema batida y virutas de chocolate.,In Reihenfolge in die Kaffeetasse gießen. Mit Schlagsahne und Schokoraspeln garnieren.,,"Versare in ordine in una tazzina da caffè.
Completare con panna montata e scaglie di cioccolato.",,,https://www.thecocktaildb.com/images/media/drink/jls02c1493069441.jpg,Amaretto,Dark Creme de Cacao,Coffee,,,,,,,,,,,,,3/4 oz ,1/2 oz ,8 oz ,,,,,,,,,,,,,,,No,2017-04-24 22:30:41
11024,Almond Joy,,,,Ordinary Drink,,Alcoholic,Cocktail glass,"Shake all ingredients with ice, strain into a cocktail glass, and serve.","Mezclar todos los ingredientes con hielo, colar el contenido en un vaso de cóctel y servir.","Alle Zutaten mit Eis schütteln, in ein Cocktailglas abseihen und servieren.",,"Shakerare tutti gli ingredienti con ghiaccio, filtrare in una coppetta da cocktail e servire.",,,https://www.thecocktaildb.com/images/media/drink/xutuqs1483388296.jpg,Amaretto,Creme de Cacao,Light cream,,,,,,,,,,,,,1/2 oz ,1/2 oz white ,2 oz ,,,,,,,,,,,,,,,No,2017-01-02 20:18:16
11025,Amaretto And Cream,,,,Ordinary Drink,,Alcoholic,Cocktail glass,"Shake well with cracked ice, strain contents into a cocktail glass, and serve.","Agitar bien con hielo picado, colar el contenido en un vaso de cóctel y servir.","Mit zerkleinertem Eis gut schütteln, Inhalt in ein Cocktailglas abseihen und servieren.",,"Shakerare bene con ghiaccio tritato, filtrare il contenuto in una coppetta da cocktail e servire.",,,https://www.thecocktaildb.com/images/media/drink/dj8n0r1504375018.jpg,Amaretto,Light cream,,,,,,,,,,,,,,1 1/2 oz ,1 1/2 oz ,,,,,,,,,,,,,,,,No,2017-09-02 18:56:58
178321,Amaretto fizz,,Christmas,,Cocktail,,Alcoholic,Collins glass,"Mix Amaretto, orange juice and sparkling wine in a jug. Add a strip orange zest to each glass, if you like.","Mezcle Amaretto, jugo de naranja y vino espumoso en una jarra. Agregue un poco de cáscara de naranja rallada a cada vaso, si lo desea.",,,"Mescola in una caraffa amaretto, succo d'arancia e spumante. Aggiungi una striscia di scorza d'arancia in ogni bicchiere, se ti piace.",,,https://www.thecocktaildb.com/images/media/drink/92h3jz1582474310.jpg,Amaretto,Orange Juice,White Wine,Orange Peel,,,,,,,,,,,,4 cl,6 cl,15 cl,Garnish with,,,,,,,,,,,,,,Yes,
12792,Amaretto Liqueur,,,,Homemade Liqueur,,Alcoholic,Collins Glass,"Combine sugar and 3/4 cup water in a small saucepan. Bring to a boil, stirring constantly. Reduce heat and simmer until all sugar is dissolved. Remove from heat and cool. In an aging container, combine apricot halves, almond extract, grain alcohol with 1/2 cup water, and brandy. Stir in cooled sugar syrup mixture. Cap and let age for 2 days. Remove apricot halves. (Save apricot halves, can be used for cooking). Add food coloring and glycerine. Stir, recap and continue aging for 1 to 2 months. Re-bottle as desired. Liqueur is ready to serve but will continue to improve with additional aging.","Combine el azúcar y 3/4 taza de agua en una cacerola pequeña. Hacer hervir removiendo constantemente. Reduzca el fuego y cocine hasta que todo el azúcar se disuelva. Retirar del fuego y dejar enfriar. En un recipiente de maduración, mezcle las mitades de albaricoque, el extracto de almendras, el alcohol de grano con 1/2 taza de agua y brandy. Mezcle el jarabe de azúcar enfriado. Cubrir y dejar envejecer durante 2 días. Retire las mitades de albaricoque (guarde las mitades de albaricoque, se pueden usar para cocinar). Agregue colorante alimentario y glicerina. Revuelva, cubra y continúe envejeciendo durante 1 a 2 meses. Vuelva a embotellar como desee. El licor está listo para servir, pero seguirá mejorando con el envejecimiento.","Zucker und 3/4 Tassen Wasser in einem kleinen Topf vermengen, unter ständigem Rühren zum Kochen bringen. Hitze reduzieren und köcheln lassen, bis der gesamte Zucker gelöst ist. Vom Herd nehmen und abkühlen lassen. In einem Alterungsbehälter Aprikosenhälften, Mandel-Extrakt, Getreidealkohol mit 1/2 Tasse Wasser und Brandy vermengen. Gekühlte Zuckersirupmischung unterrühren. Verschließen und 2 Tage ruhen lassen. Aprikosenhälften entfernen. (Außer Aprikosenhälften, kann zum Kochen verwendet werden). Füge Lebensmittelfarbe und Glyzerin hinzu. Rühren, einarbeiten und 1 bis 2 Monate lang lagern. Nach Belieben wieder auffüllen. Der Likör ist servierfertig, wird sich aber mit zunehmender Reifung weiter verbessern.",,"Unisci lo zucchero e 3/4 di tazza d'acqua in una piccola casseruola.
Porta a ebollizione mescolando continuamente.
Ridurre la fiamma e cuocere a fuoco lento finché tutto lo zucchero non si sarà sciolto.
Togli dal fuoco e lascia raffreddare.
In un contenitore di invecchiamento, unisci le metà di albicocche, l'estratto di mandorle, l'alcol di cereali con 1/2 tazza di acqua e il brandy.
Mescolare la miscela di sciroppo di zucchero raffreddata.
Tappare e lasciare invecchiare per 2 giorni.
Rimuovere le metà dell'albicocca.Aggiungi colorante alimentare e glicerina.
Mescola, ricapitola e continua a invecchiare per 1 o 2 mesi.
Re-imbottigliare come desiderato.
Il liquore è pronto per essere servito ma continuerà a migliorare con l'ulteriore invecchiamento.",,,https://www.thecocktaildb.com/images/media/drink/swqxuv1472719649.jpg,Sugar,Water,Apricot,Almond flavoring,Grain alcohol,Water,Brandy,Food coloring,Food coloring,Food coloring,Glycerine,,,,,1 cup,3/4 cup ,2 ,1 tblsp ,1/2 cup pure ,1/2 cup ,1 cup ,3 drops yellow ,6 drops red ,2 drops blue ,1/2 tsp ,,,,,,,No,2016-09-01 09:47:29
11026,Amaretto Mist,,,,Ordinary Drink,,Alcoholic,Old-fashioned glass,"Pour amaretto in an old-fashioned glass over crushed ice. Add the wedge of lime and serve. (A wedge of lemon may be substituted for lime, if preferred.)","Vierta el Amaretto en un vaso de rocas sobre hielo picado. Agregue la rodaja de lima y sirva (se puede sustituir por limón, si lo prefiere).","Gießen Sie Amaretto in ein old-fashioned Glas über Crushed Eis. Den Limettenkeil dazugeben und servieren. (Ein Stück Zitrone kann, wenn gewünscht, durch Limette ersetzt werden.)",,"Aggiungere lo spicchio di lime e servire.(Uno spicchio di limone può essere sostituito con il lime, se si preferisce.)Versare l'amaretto in un bicchiere vecchio stile su ghiaccio tritato.",,,https://www.thecocktaildb.com/images/media/drink/utpxxq1483388370.jpg,Amaretto,Lime,,,,,,,,,,,,,,1 1/2 oz ,1 ,,,,,,,,,,,,,,,,Yes,2017-01-02 20:19:31
11027,Amaretto Rose,,,,Ordinary Drink,,Alcoholic,Collins glass,Pour amaretto and lime juice over ice in a collins glass. Fill with club soda and serve.,Vierta el Amaretto y el jugo de limón sobre hielo en un vaso Collins. Cubra con Club Soda y sirva.,Amaretto und Limettensaft in einem Collins Glas über Eis gießen. Mit Soda auffüllen und servieren.,,Versare l'amaretto e il succo di lime sul ghiaccio in un bicchiere Collins.Riempi con la soda club e servi.,,,https://www.thecocktaildb.com/images/media/drink/3jm41q1493069578.jpg,Amaretto,Lime juice,Club soda,,,,,,,,,,,,,1 1/2 oz ,1/2 oz ,,,,,,,,,,,,,,,,No,2017-04-24 22:32:59
15194,Amaretto Shake,,,,Ordinary Drink,,Alcoholic,Collins Glass,Combine all ingredients in a blender and blend at high speed until smooth. Serve in chilled glass garnished with bittersweet chocolate shavings.,Combine todos los ingredientes en una licuadora y mezcle a alta velocidad hasta que quede homogéneo. Servir en una copa enfriada decorada con virutas de chocolate semiamargo.,"Alle Zutaten in einem Mixer mischen und mit hoher Geschwindigkeit zu einem geschmeidigen Ganzen verarbeiten. Servieren Sie es in gekühltem Glas, garniert mit bittersüßen Schokoladenraspeln.",,"Unisci tutti gli ingredienti in un frullatore e frulla ad alta velocità fino a che non diventi liscio.
Servire in un bicchiere ghiacciato guarnito con scaglie di cioccolato agrodolce.",,,https://www.thecocktaildb.com/images/media/drink/xk79al1493069655.jpg,Chocolate ice-cream,Brandy,Amaretto,,,,,,,,,,,,,2 scoops ,2 oz ,2 oz ,,,,,,,,,,,,,,,No,2017-04-24 22:34:16
13731,Amaretto Sour,,,,Ordinary Drink,,Alcoholic,Collins Glass,Shake and strain. Garnish with a cherry and an orange slice.,Agitar y colar. Adorne con una cereza y una rodaja de naranja.,Schütteln und abseihen. Mit einer Kirsch- und einer Orangenscheibe garnieren.,,"Agitare e versare.
Guarnire con una ciliegia e una fetta d'arancia.",,,https://www.thecocktaildb.com/images/media/drink/xnzc541493070211.jpg,Amaretto,Sour mix,,,,,,,,,,,,,,1 1/2 oz ,3 oz ,,,,,,,,,,,,,,,,No,2017-04-24 22:43:32
11028,Amaretto Stinger,,,,Ordinary Drink,,Alcoholic,Cocktail glass,"Shake ingredients well with cracked ice, strain into a cocktail glass, and serve.","Agite bien los ingredientes con hielo picado, cuele en un vaso de cóctel y sirva.","Die Zutaten gut mit zerkleinertem Eis schütteln, in ein Cocktailglas abseihen und servieren.",,"Shakerare bene gli ingredienti con ghiaccio tritato, filtrare in una coppetta da cocktail e servire.",,,https://www.thecocktaildb.com/images/media/drink/vvop4w1493069934.jpg,Amaretto,White Creme de Menthe,,,,,,,,,,,,,,1 1/2 oz ,3/4 oz ,,,,,,,,,,,,,,,,No,2017-04-24 22:38:54
14306,Amaretto Stone Sour,,,,Other / Unknown,,Alcoholic,Collins Glass,Shake and Serve over ice,Agitar y servir con hielo.,Schütteln und über Eis servieren,,Shakerare e servire con ghiaccio,,,https://www.thecocktaildb.com/images/media/drink/xwryyx1472719921.jpg,Amaretto,Sour mix,Orange juice,,,,,,,,,,,,,1 part ,1 part ,1 part ,,,,,,,,,,,,,,,No,2016-09-01 09:52:01
16100,Amaretto Stone Sour Alternative,,,,Other / Unknown,,Alcoholic,Highball glass,"Shake sour mix, tequila and amaretto with ice. Strain into highball glass. Add a splash of OJ. Garnish with orange slice and a cherry.","Agitar Sour Mix, Tequila y Amaretto con hielo. Colar en un vaso alto. Agrega un chorrito de jugo de naranja. Decorar con una rodaja de naranja y una cereza.","Sauergemisch, Tequila und Amaretto mit Eis schütteln. In ein Highball-Glas abseihen. Füge einen Spritzer OJ hinzu. Mit einer Orangenscheibe und einer Kirsche garnieren.",,"Shakerare mix acido, tequila e amaretto con ghiaccio.
Filtrare in un bicchiere highball.
Aggiungi un tocco di GU.
Guarnire con una fettina d'arancia e una ciliegia.",,,https://www.thecocktaildb.com/images/media/drink/wutxqr1472720012.jpg,Sour mix,Amaretto,Tequila,Orange juice,,,,,,,,,,,,2 oz ,2 oz ,2 oz ,Add splash ,,,,,,,,,,,,,,No,2016-09-01 09:53:32
14578,Amaretto Sunrise,,,,Ordinary Drink,,Alcoholic,Collins Glass,Mix together the amaretto and orange juice. Pour into glass and then add the grenadine untill you see the sunrise.,Mezclar el Amaretto y el jugo de naranja. Vierta en el vaso y agregue la granadina hasta que vea el amanecer.,"Amaretto und Orangensaft verrühren. In ein Glas gießen und dann die Grenadine hinzufügen, bis Sie den Sonnenaufgang sehen.",,"Mescolare l'amaretto e il succo d'arancia.
Versate in un bicchiere e poi aggiungete la granatina fino a vedere l'alba.",,,https://www.thecocktaildb.com/images/media/drink/akcpsh1493070267.jpg,Amaretto,Orange juice,Grenadine,,,,,,,,,,,,,1 cl ,4 oz ,1/4 cl ,,,,,,,,,,,,,,,No,2017-04-24 22:44:27
17168,Amaretto Sunset,,,,Ordinary Drink,,Alcoholic,Collins Glass,"Shake ingredients in bartender's mixer quickly, just 5 shakes. Strain out ice, serve in glass immediately with a slice of orange.","Agite los ingredientes en la mezcladora del bartender rápidamente, solo 5 sacudidas. Colar para quitar el hielo, servir en el vaso inmediatamente con una rodaja de naranja.","Rühren Sie die Zutaten schnell in den Mixer des Barkeepers, nur 5 Mal schütteln. Eis abgießen, sofort im Glas mit einer Scheibe Orange servieren.",,"Shakerare velocemente gli ingredienti nel mixer.
Filtrare il ghiaccio, servire subito in bicchiere con una fetta d'arancia.",,,https://www.thecocktaildb.com/images/media/drink/apictz1493069760.jpg,Triple sec,Amaretto,Cider,Ice,,,,,,,,,,,,1/2 jigger ,3 shots ,1/2 cup ,Add 1/2 cup ,,,,,,,,,,,,,,No,2017-04-24 22:36:00
16202,Amaretto Sweet & Sour,,,,Punch / Party Drink,,Alcoholic,Margarita/Coupette glass,"Fill the blender with 3/4 ice. Add sweet & sour mix to the top of the ice. Add about 1"" of pineapple juice, 1/2"" of melon liqeur, and 1/2 to 1/4"" of amaretto. Then blend the mix until it is of margaritta consistency or thinner.","Llene la licuadora 3/4 de su capacidad con hielo. Agrega la mezcla de limón encima del hielo. Agregue alrededor de 1\"" parte de jugo de piña, 1\/2\"" de licor de melón y 1\/2 a 1\/4\"" de Amaretto. Luego mezcle hasta obtener una consistencia de margarita o menos espesa.","Füllen Sie den Mixer mit 3/4 Eis. Geben Sie die süß-saure Mischung auf die Oberseite des Eises. Füge etwa 1"" Ananassaft, 1/2"" Melonenlikör und 1/2 bis 1/4"" Amaretto hinzu. Dann die Mischung mischen, bis sie eine Margaritta-Konsistenz oder Verdünnung aufweist.",,"Riempi il frullatore con 3/4 di ghiaccio.
Aggiungi il mix sweet & sour sulla parte superiore del ghiaccio.
Aggiungere circa 15ml di succo di ananas, 8ml di liquore al melone, e tra gli 8ml e 4ml di amaretto.
Quindi frullare il composto fino a ottenere una consistenza margarita o più sottile.",,,https://www.thecocktaildb.com/images/media/drink/vswwus1472668546.jpg,Amaretto,Sweet and sour,Midori melon liqueur,Pineapple juice,,,,,,,,,,,,,,,,,,,,,,,,,,,,,No,2016-08-31 19:35:46
11029,Amaretto Tea,,,,Ordinary Drink,,Alcoholic,Pousse cafe glass,"Pour hot tea into a pousse-cafe glass, using a spoon in glass to prevent cracking. Add amaretto, but do not stir. Top with chilled whipped cream and serve.","Vierta el té caliente en una taza pousse-café, usando una cuchara en la taza para evitar que se agriete. Agregue el Amaretto, pero no revuelva. Cubra con crema batida fría y sirva.","Gießen Sie heißen Tee in ein Pousse-Café Glas und verwenden Sie einen Löffel im Glas, um Sprünge zu vermeiden. Amaretto hinzufügen, aber nicht rühren. Mit gekühlter Schlagsahne garnieren und servieren.",,"Versare il tè caldo in un bicchiere pousse-cafe, usando un cucchiaio in vetro per evitare che si spezzi. Coprire con panna montata fredda e servire.Aggiungere l'amaretto, ma non mescolare",,,https://www.thecocktaildb.com/images/media/drink/b7qzo21493070167.jpg,Tea,Amaretto,Whipped cream,,,,,,,,,,,,,6 oz hot ,2 oz ,Chilled ,,,,,,,,,,,,,,,No,2017-04-24 22:42:47
15941,Americano,,"IBA,Classic",https://www.youtube.com/watch?v=TmeUJ2g3ogM,Ordinary Drink,Unforgettables,Alcoholic,Collins glass,"Pour the Campari and vermouth over ice into glass, add a splash of soda water and garnish with half orange slice.",Vierta el Campari y el vermut con hielo en el vaso. Añadir un poco de agua con gas y decorar con media rodaja de naranja.,"Den Campari und den Wermut über Eis in ein Glas gießen, einen Spritzer Sodawasser hinzufügen und mit einer halben Orangenscheibe garnieren.",,"Versare Campari e vermut su ghiaccio in un bicchiere, aggiungere un goccio di acqua di seltz e guarnire con mezza fetta d'arancia.",,,https://www.thecocktaildb.com/images/media/drink/709s6m1613655124.jpg,Campari,Sweet Vermouth,Lemon peel,Orange peel,,,,,,,,,,,,1 oz ,1 oz red ,Twist of ,Twist of ,,,,,,,,,,,,https://commons.wikimedia.org/wiki/File:Martini_Americano.jpg,Author - Cher37 https://commons.wikimedia.org/wiki/File:Martini_Americano.jpg,Yes,2016-11-04 09:52:06
11034,Angel Face,,"IBA,Classic",https://www.youtube.com/watch?v=esjMkuXO7aw,Ordinary Drink,Unforgettables,Alcoholic,Cocktail glass,Shake all ingredients with ice and strain contents into a cocktail glass.,Agite todos los ingredientes con hielo y cuele el contenido en un vaso de cóctel.,Alle Zutaten mit Eis schütteln und in ein Cocktailglas abseihen.,,Shakerare tutti gli ingredienti con ghiaccio e filtrare il contenuto in un bicchiere da cocktail.,,,https://www.thecocktaildb.com/images/media/drink/vaukir1606772580.jpg,Apricot brandy,Apple brandy,Gin,,,,,,,,,,,,,1/2 oz ,1/2 oz ,1 oz ,,,,,,,,,,,,,https://commons.wikimedia.org/wiki/File:IBA_Cocktail_Angel_Face_(28068833805).jpg,Michael Styne https://www.flickr.com/photos/mstyne/28068833805/,Yes,2016-11-04 09:52:58
12794,Angelica Liqueur,,,,Homemade Liqueur,,Alcoholic,Collins Glass,"Combine all herbs, nuts and spices with vodka in a 1 quart or larger aging container. Cap tightly and shake daily for 2 weeks. Strain through a fine muslin cloth or coffee filter, discarding solids. Clean out aging container. Place liquid back in container. Place sugar and water in saucepan and stir to combine over medium heat. When sugar is completely dissolved, set aside and let cool. When cool combine with food coloring and add to liqueur liquid. Cap and allow to age and mellow in a cool, dark place for one month.","Combine todas las hierbas, nueces y especias con vodka en un recipiente de maduración de 1 litro o más. Tape bien y agite diariamente durante 2 semanas. Cuele a través de una tela de muselina fina o un filtro de café, desechando los sólidos. Limpiar el recipiente. Vuelva a colocar el líquido en el recipiente. Coloque el azúcar y el agua en una cacerola a fuego medio y revuelva para disolver el azúcar. Cuando el azúcar se haya disuelto por completo, reservar y dejar enfriar. Cuando esté frío, mezclar con colorante alimentario y añadir al licor líquido. Cubra y deje madurar en un lugar fresco y oscuro durante un mes.","Vermengen Sie alle Kräuter, Nüsse und Gewürze mit Wodka in einem 1 Liter, oder größerem Alterungsbehälter. Verschließen Sie das Produkt fest und schütteln Sie es täglich für 2 Wochen. Durch ein feines Musselintuch oder einen Kaffeefilter abseihen und dabei Feststoffe entfernen. Alterungsbehälter reinigen. Geben Sie die Flüssigkeit wieder in den Behälter zurück. Zucker und Wasser in einen Topf geben und bei mittlerer Hitze unter Rühren vermengen. Wenn der Zucker vollständig aufgelöst ist, beiseite stellen und abkühlen lassen. Nach dem Abkühlen mit der Lebensmittelfarbe mischen und in die Likörflüssigkeit geben. Verschließen und einen Monat lang an einem kühlen, dunklen Ort lagern und reifen lassen.",,"Unisci tutte le erbe, le noci e le spezie con la vodka in un contenitore di invecchiamento da 1 quarto o più grande.
Tappare bene e agitare ogni giorno per 2 settimane.
Filtrare attraverso un panno di mussola fine o un filtro da caffè, scartando i solidi.
Pulisci il contenitore di invecchiamento.
Riporre il liquido nel contenitore.
Mettere lo zucchero e l'acqua nella casseruola e mescolare per unire a fuoco medio.
Quando lo zucchero sarà completamente sciolto, mettete da parte e lasciate raffreddare.
Quando è freddo unire al colorante alimentare e aggiungere al liquido liquoroso.
Tappare e lasciare invecchiare e ammorbidire in un luogo fresco e buio per un mese.",,,https://www.thecocktaildb.com/images/media/drink/yuurps1472667672.jpg,Angelica root,Almond,Allspice,Cinnamon,Anise,Coriander,Marjoram leaves,Vodka,Sugar,Water,Food coloring,Food coloring,,,,3 tblsp chopped,1 tblsp chopped ,1 cracked ,1 one-inch ,3-6 crushed ,1/8 tsp powdered ,1 tblsp fresh chopped ,1.5 cup ,1/2 cup granulated ,1/4 cup ,1 drop yellow ,1 drop green ,,,,,,No,2016-08-31 19:21:12
178325,Aperol Spritz,,,,Cocktail,,Alcoholic,Wine Glass,"Put a couple of cubes of ice into 2 glasses and add a 50 ml measure of Aperol to each. Divide the prosecco between the glasses and then top up with soda, if you like.","Coloca dos cubitos de hielo en 2 vasos y añade una medida de 50 ml de Aperol en cada uno. Divida el prosecco entre los vasos y complete con soda, si lo desea.",,,"Mettere un paio di cubetti di ghiaccio in 2 bicchieri e aggiungere a ciascuno un misurino da 50 ml di Aperol. Dividi il prosecco tra i bicchieri e poi rabbocca con la soda, se ti piace.",,,https://www.thecocktaildb.com/images/media/drink/iloasq1587661955.jpg,Aperol,Prosecco,Soda Water,,,,,,,,,,,,,100 ml,150 ml,Top,,,,,,,,,,,,,,,Yes,
16289,Apple Grande,,,,Punch / Party Drink,,Alcoholic,Punch Bowl,Chill both ingredients!! Mix in a tumbler and enjoy!,¡Refrigera ambos ingredientes! ¡Mezcla en un vaso Tumbler y disfruta!,Kühlen Sie beide Zutaten herunter. In einem Becher mischen und genießen!,,Chill both ingredients!! Mix in a tumbler and enjoy!,,,https://www.thecocktaildb.com/images/media/drink/wqrptx1472668622.jpg,Tequila,Apple cider,,,,,,,,,,,,,,3 oz ,12 oz ,,,,,,,,,,,,,,,,No,2016-08-31 19:37:02
178353,Apple Highball,,"Classy, Spicy",,Cocktail,,Alcoholic,Highball glass,"Add ice in a highball glass. Rub a wedge of fresh lime around rim and place it in the glass. Add a shot of Apple schnapps, a shot of Courvoisier and top up with ginger ale.","Agregue hielo a un vaso alto. Frote una rodaja de limón fresco alrededor del borde y colóquelo en el vaso. Agregue un chupito de brandy de manzana, un chupito de Courvoisier y complete con Ginger Ale.",,,,,,https://www.thecocktaildb.com/images/media/drink/66mt9b1619695719.jpg,Lime,Apple Schnapps,Cognac,Ginger,,,,,,,,,,,,Chopped,1 shot,1 shot,Top,,,,,,,,,,,,TheCocktailDB,,Yes,
16958,Apple Pie with A Crust,,,,Other / Unknown,,Alcoholic,Collins Glass,Just mix the two liquids and sprinkle in the cinnamon. Serve either cold or heated.,"Simplemente, mezcle los dos líquidos y espolvoree la canela. Servir frío o caliente.",Einfach die beiden Flüssigkeiten mischen und den Zimt einstreuen. Servieren Sie entweder kalt oder warm.,,Basta mescolare i due liquidi e cospargere di cannella. Servire freddo o caldo.,,,https://www.thecocktaildb.com/images/media/drink/qspqxt1472720078.jpg,Apple juice,Malibu rum,Cinnamon,,,,,,,,,,,,,3 parts ,1 part ,3 dashes ,,,,,,,,,,,,,,,No,2016-09-01 09:54:38
13683,Apple Slammer,,,,Shot,,Alcoholic,Shot glass,"pour into a shot glass and present to consumer, they are expected to cover the top of the shotglass with thier palm, raise the glass, slam it on the bar and the swallow quickly.","Viértalo en un vaso y preséntelo al consumidor, se espera que cubra la parte superior del vaso con la palma de la mano, levante el vaso, lo golpee en la barra y lo trague rápidamente.","in ein Schnapsglas gießen und dem Verbraucher präsentieren, dabei wird erwartet, dass sie die Oberseite des Schnapsglases mit ihrer Handfläche bedecken, das Glas anheben, es auf den Tisch schlagen und schnell schlucken.",,Versa in un bicchiere da shot tutti gli ingredienti. Agitare bene,,,https://www.thecocktaildb.com/images/media/drink/09yd5f1493069852.jpg,7-Up,Apple schnapps,,,,,,,,,,,,,,1 part ,1 part ,,,,,,,,,,,,,,,,No,2017-04-24 22:37:32
11046,Applecar,,,,Ordinary Drink,,Alcoholic,Cocktail glass,"Shake all ingredients with ice, strain into a cocktail glass, and serve.","Agitar todos los ingredientes con hielo, colar en un vaso de cóctel y servir.","Alle Zutaten mit Eis schütteln, in ein Cocktailglas abseihen und servieren.",,"Shakerare tutti gli ingredienti con ghiaccio, filtrare in una coppetta da cocktail e servire.",,,https://www.thecocktaildb.com/images/media/drink/sbffau1504389764.jpg,Applejack,Triple sec,Lemon juice,,,,,,,,,,,,,1 oz ,1 oz ,1 oz ,,,,,,,,,,,,,,,No,2017-09-02 23:02:44
16311,Applejack,,,,Cocktail,,Alcoholic,Cocktail glass,"Add all ingredients into mixing glass, chill and strain into cocktail glass","Añadir todos los ingredientes en un vaso mezclador, enfriar y colar en un vaso de cóctel.","Alle Zutaten in das Mischglas geben, kühlen und in das Cocktailglas abseihen.",,"Aggiungere tutti gli ingredienti nel mixing glass, raffreddare e filtrare in una coppetta da cocktail",,,https://www.thecocktaildb.com/images/media/drink/sutyqp1479209062.jpg,Jack Daniels,Midori melon liqueur,Sour mix,,,,,,,,,,,,,1 oz ,1/2 oz ,2 oz ,,,,,,,,,,,,,,,No,2016-11-15 11:24:22
11050,Apricot Lady,,Cold,,Ordinary Drink,,Alcoholic,Old-fashioned glass,"In a shaker half-filled with ice cubes, combine the rum, apricot brandy, triple sec, lemon juice, and egg white. Shake well. Strain into an old-fashioned glass almost filled with ice cubes. Garnish with the orange slice.","Añadir todos los ingredientes en un vaso mezclador, enfriar y colar en un vaso de cóctel.","In einem Shaker, der halb mit Eiswürfeln gefüllt ist, Rum, Apricot Brandy, Triple Sec, Zitronensaft und Eiweiß mischen. Gut schütteln. In ein old-fashioned Glas abseihen, das fast mit Eiswürfeln gefüllt ist. Mit der Orangenscheibe garnieren.",,"In uno shaker riempito a metà con cubetti di ghiaccio, unire il rum, il brandy di albicocche, il triple sec, il succo di limone e l'albume. Guarnire con la fetta d'arancia. Filtrare in un bicchiere vecchio stile quasi pieno di cubetti di ghiaccio. Agitare bene",,,https://www.thecocktaildb.com/images/media/drink/7ityp11582579598.jpg,Light rum,Apricot brandy,Triple sec,Lemon juice,Egg white,Orange,,,,,,,,,,1 1/2 oz ,1 oz ,1 tsp ,1/2 oz ,1 ,1 ,,,,,,,,,,,,Yes,2017-09-02 23:03:34
15849,Apricot punch,,,,Punch / Party Drink,,Alcoholic,Punch bowl,Pour all ingrediants into a large punch bowl. Add ice and 4 oranges that are peeled and divided.,Vierta todos los ingredientes en una ponchera grande. Agregue hielo y 4 naranjas peladas y divididas.,"Alle Zutaten in eine große Bowle geben. Füge Eis und 4 Orangen hinzu, die geschält und geteilt sind.",,"Versare tutti gli ingredienti in una grande ciotola da punch.
Aggiungere il ghiaccio e 4 arance sbucciate e divise.",,,https://www.thecocktaildb.com/images/media/drink/tuxxtp1472668667.jpg,Apricot brandy,Champagne,Vodka,7-Up,Orange juice,,,,,,,,,,,1 qt ,4 fifth ,1 fifth ,4 L ,1/2 gal ,,,,,,,,,,,,,No,2016-08-31 19:37:47
178319,Aquamarine,,,,Cocktail,,Alcoholic,Martini Glass,"Shake well in a shaker with ice.
Strain in a martini glass.",Agite bien en una coctelera con hielo. Cuela en una copa de Martini.,,,"Shakerare bene in uno shaker con ghiaccio.
Filtrare in una coppetta Martini.",,,https://www.thecocktaildb.com/images/media/drink/zvsre31572902738.jpg,Hpnotiq,Pineapple Juice,Banana Liqueur,,,,,,,,,,,,,2 oz,1 oz,1 oz,,,,,,,,,,,,,,,No,
11052,Archbishop,,,,Ordinary Drink,,Alcoholic,Old-fashioned glass,"In an old-fashioned glass almost filled with ice cubes, combine all of the ingredients. Stir well.","En un vaso de rocas casi lleno de cubitos de hielo, mezcle todos los ingredientes. Agitar bien.","In einem old-fashioned Glas, das fast mit Eiswürfeln gefüllt ist, alle Zutaten vermengen. Gut umrühren.",,"In un bicchiere vecchio stile quasi riempito di cubetti di ghiaccio, unisci tutti gli ingredienti.Mescolare bene.",,,https://www.thecocktaildb.com/images/media/drink/4g6xds1582579703.jpg,Gin,Wine,Benedictine,Lime,,,,,,,,,,,,2 oz ,1 oz Green Ginger ,1 tsp ,1 ,,,,,,,,,,,,,,Yes,2015-09-02 16:21:47
14622,Arctic Fish,,,,Punch / Party Drink,,Alcoholic,Beer pilsner,"Fill glass with ice and fish, add vodka, grape soda and orange juice. DO NOT STIR!!!!! Serve well chilled.","Llene el vaso con hielo y gomitas, agregue vodka, refresco de uva y jugo de naranja. ¡¡¡¡¡NO REVUELVAS!!!!! Servir refrigerado.","Das Glas mit Eis und Fisch füllen, Wodka, Traubensaft und Orangensaft hinzufügen. NICHT UMRÜHREN. Gut gekühlt servieren.",,"Riempi il bicchiere con ghiaccio e pesce, aggiungi vodka, soda d'uva e succo d'arancia. Non mescolare. Servire ben freddo.",,,https://www.thecocktaildb.com/images/media/drink/ttsvwy1472668781.jpg,Vodka,Grape soda,Orange juice,Ice,Candy,,,,,,,,,,,1/3 part ,1/3 part ,1/3 part ,lots ,1 dash ,,,,,,,,,,,,,No,2016-08-31 19:39:41
17118,Arctic Mouthwash,,,,Punch / Party Drink,,Alcoholic,Cocktail glass,Blend all ingredients in a blender on high until ice is finely crushed. It should be of a slushy consistency. Pour immediately and serve.,Licúa todos los ingredientes en una licuadora de alta potencia hasta que el hielo esté bien triturado. Debe tener una consistencia pastosa. Vierta inmediatamente y sirva.,"Alle Zutaten in einem Mixer mischen, bis das Eis fein zerkleinert ist. Es sollte eine matschige Konsistenz haben. Sofort ausgießen und servieren.",,"Frulla tutti gli ingredienti in un frullatore a potenza alta fino a quando il ghiaccio non è tritato finemente.
Dovrebbe essere di una consistenza fangosa.
Versate subito e servite.",,,https://www.thecocktaildb.com/images/media/drink/wqstwv1478963735.jpg,Maui,Mountain Dew,Ice,,,,,,,,,,,,,5 oz blue ,5 oz ,cubes,,,,,,,,,,,,,,,No,2016-11-12 15:15:35
